feature,mean_abs_shap
order_month,0.19994058
total_freight,0.14293897
num_items,0.13757138
customer_state,0.12881744
seller_prior_avg_review,0.1132093
is_same_state,0.078140646
seller_prior_unsatisfied_rate,0.06974665
seller_prior_order_count,0.0695332
seller_prior_late_rate,0.067834936
seller_state,0.067812465
seller_prior_avg_delivery_days,0.059404634
estimated_delivery_days,0.046955306
avg_volume_cm3,0.0360671
avg_desc_length,0.028180407
product_category,0.02647799
num_sellers,0.02565798
avg_weight_g,0.023598893
total_payment,0.019212263
max_installments,0.019155683
freight_ratio,0.017364565
avg_name_length,0.014140349
order_hour,0.012448088
avg_photos_qty,0.012284856
total_price,0.011538941
order_dow,0.010072776
payment_type,0.0041550314
num_payment_types,0.0
